phase,name,active_s,instructions,mips,static_aot,jit_native,interpreted,bios,jit_owned,jit_fallback,native,fallback,control,entry,compile,hit,miss,returns,zero,cold,invalid,flush,code_used,code_size,checksum,app_cs
1,ALU+FLAGS+SHIFT,2.485,3000000,1.207,223927,107109,2668964,6068,2770001,2662892,107109,2662892,35,229934,102,229852,714,63515,166398,612,55,0,11806,24576,C40C,14CB
2,MEMORY+STORE,0.606,1000000,1.649,318210,147192,534598,8688,673100,525908,147192,525908,34,82177,97,82081,666,49318,32838,569,66,0,18962,24576,B957,14CB
3,REP-STRINGS,0.18,400000,2.227,371944,15801,12255,10182,17874,2073,15801,2073,35,202,90,112,749,89,91,659,61,1,594,24576,3A57,14CB
4,CALL+RET+STACK,4.834,6600000,1.365,283502,15777,6300721,7725,6308773,6292996,15777,6292996,62,393390,104,393286,825,96,393272,721,48,0,7466,24576,0163,14CB
5,MUL+DIV+ROTATE,1.134,1400000,1.234,325193,15749,1059058,8888,1065912,1050163,15749,1050163,36,65686,95,65591,742,66,65598,647,63,0,14148,24576,FE5A,14CB
6,BRANCH+LFSR,2.677,3400000,1.27,295694,145776,2958530,8068,3096231,2950455,145776,2950455,32,278782,96,278694,765,94396,184366,669,57,0,20350,24576,FA37,14CB
7,RARE-OPCODES,3.131,4000000,1.278,304320,90646,3605034,8312,3687362,3596716,90646,3596716,34,262280,103,262228,812,37507,224752,709,59,1,2518,24576,EC9A,14CB
8,DOS-SERVICES,0.101,400000,3.944,370099,18793,11108,8956,20927,2134,18793,2134,32,213,92,121,823,54,137,731,48,0,9042,24576,1357,14CB
9,SELF-MODIFY,0.138,400000,2.89,344572,22561,32867,9432,45995,23434,22561,23434,2764,5595,1469,4128,2171,4150,1423,702,1420,5,2518,24576,1B57,14CB
